{
  "baseline": {
    "factual": 33.33333333333333,
    "coherence": 88.88888888888889
  },
  "tdd": {
    "factual": 20.0,
    "coherence": 80.0
  }
}